country,year,happinessrank,happinessscore,gdp,family,lifeexpectancy,freedom,trust,generosity
Switzerland,2015,1,7.587,1.39651,1.34951,0.94143,0.66557,0.41978,0.29678
Iceland,2015,2,7.561,1.30232,1.40223,0.94784,0.62877,0.14145,0.43630
Denmark,2015,3,7.527,1.32548,1.36058,0.87464,0.64938,0.48357,0.34139
Norway,2015,4,7.522,1.45900,1.33095,0.88521,0.66973,0.36503,0.34699
Canada,2015,5,7.427,1.32629,1.32261,0.90563,0.63297,0.32957,0.45811
Finland,2015,6,7.406,1.29025,1.31826,0.88911,0.64169,0.41372,0.23351
Netherlands,2015,7,7.378,1.32944,1.28017,0.89284,0.61576,0.31814,0.47610
Sweden,2015,8,7.364,1.33171,1.28907,0.91087,0.65980,0.43844,0.36262
New Zealand,2015,9,7.286,1.25018,1.31967,0.90837,0.63938,0.42922,0.47501
Australia,2015,10,7.284,1.33358,1.30923,0.93156,0.65124,0.35637,0.43562
Israel,2015,11,7.278,1.22857,1.22393,0.91387,0.41319,0.07785,0.33172
Costa Rica,2015,12,7.226,0.95578,1.23788,0.86027,0.63376,0.10583,0.25497
Austria,2015,13,7.200,1.33723,1.29704,0.89042,0.62433,0.18676,0.33088
Mexico,2015,14,7.187,1.02054,0.91451,0.81444,0.48181,0.21312,0.14074
United States,2015,15,7.119,1.39451,1.24711,0.86179,0.54604,0.15890,0.40105
Brazil,2015,16,6.983,0.98124,1.23287,0.69702,0.49049,0.17521,0.14574
Luxembourg,2015,17,6.946,1.56391,1.21963,0.91894,0.61583,0.37798,0.28034
Ireland,2015,18,6.940,1.33596,1.36948,0.89533,0.61777,0.28703,0.45901
Belgium,2015,19,6.937,1.30782,1.28566,0.89667,0.58450,0.22540,0.22250
United Kingdom,2015,21,6.867,1.26637,1.28548,0.90943,0.59625,0.32067,0.51912
Oman,2015,22,6.853,1.36011,1.08182,0.76276,0.63274,0.32524,0.21542
Venezuela,2015,23,6.810,1.04424,1.25596,0.72052,0.42908,0.11069,0.05841
Singapore,2015,24,6.798,1.52186,1.02000,1.02525,0.54252,0.49210,0.31105
Panama,2015,25,6.786,1.06353,1.19850,0.79661,0.54210,0.09270,0.24434
Germany,2015,26,6.750,1.32792,1.29937,0.89186,0.61477,0.21843,0.28214
Chile,2015,27,6.670,1.10715,1.12447,0.85857,0.44132,0.12869,0.33363
Qatar,2015,28,6.611,1.69042,1.07860,0.79733,0.64040,0.52208,0.32573
France,2015,29,6.575,1.27778,1.26038,0.94579,0.55011,0.20646,0.12332
Argentina,2015,30,6.574,1.05351,1.24823,0.78723,0.44974,0.08484,0.11451
Czech Republic,2015,31,6.505,1.17898,1.20643,0.84483,0.46364,0.02652,0.10686
Uruguay,2015,32,6.485,1.06166,1.20890,0.81160,0.60362,0.24558,0.23240
Colombia,2015,33,6.477,0.91861,1.24018,0.69077,0.53466,0.05120,0.18401
Thailand,2015,34,6.455,0.96690,1.26504,0.73850,0.55664,0.03187,0.57630
Saudi Arabia,2015,35,6.411,1.39541,1.08393,0.72025,0.31048,0.32524,0.13706
Spain,2015,36,6.329,1.23011,1.31379,0.95562,0.45951,0.06398,0.18227
Malta,2015,37,6.302,1.20740,1.30203,0.88721,0.60365,0.13586,0.51752
Taiwan,2015,38,6.298,1.29098,1.07617,0.87530,0.39740,0.08129,0.25376
Kuwait,2015,39,6.295,1.55422,1.16594,0.72492,0.55499,0.25609,0.16228
Suriname,2015,40,6.269,0.99534,0.97200,0.60820,0.59657,0.13633,0.16991
Trinidad and Tobago,2015,41,6.168,1.21183,1.18354,0.61483,0.55884,0.01140,0.31844
El Salvador,2015,42,6.130,0.76454,1.02507,0.67737,0.40350,0.11776,0.10692
Guatemala,2015,43,6.123,0.74553,1.04356,0.64425,0.57733,0.09472,0.27489
Uzbekistan,2015,44,6.003,0.63244,1.34043,0.59772,0.65821,0.30826,0.22837
Slovakia,2015,45,5.995,1.16891,1.26999,0.78902,0.31751,0.03431,0.16893
Japan,2015,46,5.987,1.27074,1.25712,0.99111,0.49615,0.18060,0.10705
South Korea,2015,47,5.984,1.24461,0.95774,0.96538,0.33208,0.07857,0.18557
Ecuador,2015,48,5.975,0.86402,0.99903,0.79075,0.48574,0.18090,0.11541
Bahrain,2015,49,5.960,1.32376,1.21624,0.74716,0.45492,0.30600,0.17362
Italy,2015,50,5.948,1.25114,1.19777,0.95446,0.26236,0.02901,0.22823
Bolivia,2015,51,5.890,0.68133,0.97841,0.53920,0.57414,0.08800,0.20536
Moldova,2015,52,5.889,0.59448,1.01528,0.61826,0.32818,0.01615,0.20951
Paraguay,2015,53,5.878,0.75985,1.30477,0.66098,0.53899,0.08242,0.34240
Kazakhstan,2015,54,5.855,1.12254,1.12241,0.64368,0.51649,0.08454,0.11827
Slovenia,2015,55,5.848,1.18498,1.27385,0.87337,0.60855,0.03787,0.25328
Lithuania,2015,56,5.833,1.14723,1.25745,0.73128,0.21342,0.01031,0.02641
Nicaragua,2015,57,5.828,0.59325,1.14184,0.74314,0.55475,0.19317,0.27815
Peru,2015,58,5.824,0.90019,0.97459,0.73017,0.41496,0.05989,0.14982
Belarus,2015,59,5.813,1.03192,1.23289,0.73608,0.37938,0.19090,0.11046
Poland,2015,60,5.791,1.12555,1.27948,0.77903,0.53122,0.04212,0.16759
Malaysia,2015,61,5.770,1.12486,1.07023,0.72394,0.53024,0.10501,0.33075
Croatia,2015,62,5.759,1.08254,0.79624,0.78805,0.25883,0.02430,0.05444
Libya,2015,63,5.754,1.13145,1.11862,0.70380,0.41668,0.11023,0.18295
Russia,2015,64,5.716,1.13764,1.23617,0.66926,0.36679,0.03005,0.00199
Jamaica,2015,65,5.709,0.81038,1.15102,0.68741,0.50442,0.02299,0.21230
North Cyprus,2015,66,5.695,1.20806,1.07008,0.92356,0.49027,0.14280,0.26169
Cyprus,2015,67,5.689,1.20813,0.89318,0.92356,0.40672,0.06146,0.30638
Algeria,2015,68,5.605,0.93929,1.07772,0.61766,0.28579,0.17383,0.07822
Kosovo,2015,69,5.589,0.80148,0.81198,0.63132,0.24749,0.04741,0.28310
Turkmenistan,2015,70,5.548,0.95847,1.22668,0.53886,0.47610,0.30844,0.16979
Mauritius,2015,71,5.477,1.00761,0.98521,0.70950,0.56066,0.07521,0.37744
Hong Kong,2015,72,5.474,1.38604,1.05818,1.01328,0.59608,0.37124,0.39478
Estonia,2015,73,5.429,1.15174,1.22791,0.77361,0.44888,0.15184,0.08680
Indonesia,2015,74,5.399,0.82827,1.08708,0.63793,0.46611,0.00000,0.51535
Vietnam,2015,75,5.360,0.63216,0.91226,0.74676,0.59444,0.10441,0.16860
Turkey,2015,76,5.332,1.06098,0.94632,0.73172,0.22815,0.15746,0.12253
Kyrgyzstan,2015,77,5.286,0.47428,1.15115,0.65088,0.43477,0.04232,0.30030
Nigeria,2015,78,5.268,0.65435,0.90432,0.16007,0.34334,0.04030,0.27233
Bhutan,2015,79,5.253,0.77042,1.10395,0.57407,0.53206,0.15445,0.47998
Azerbaijan,2015,80,5.212,1.02389,0.93793,0.64045,0.37030,0.16065,0.07799
Pakistan,2015,81,5.194,0.59543,0.41411,0.51466,0.12102,0.10464,0.33671
Jordan,2015,82,5.192,0.90198,1.05392,0.69639,0.40661,0.14293,0.11053
Montenegro,2015,82,5.192,0.97438,0.90557,0.72521,0.18260,0.14296,0.16140
China,2015,84,5.140,0.89012,0.94675,0.81658,0.51697,0.02781,0.08185
Zambia,2015,85,5.129,0.47038,0.91612,0.29924,0.48827,0.12468,0.19591
Romania,2015,86,5.124,1.04345,0.88588,0.76890,0.35068,0.00649,0.13748
Serbia,2015,87,5.123,0.92053,1.00964,0.74836,0.20107,0.02617,0.19231
Portugal,2015,88,5.102,1.15991,1.13935,0.87519,0.51469,0.01078,0.13719
Latvia,2015,89,5.098,1.11312,1.09562,0.72437,0.29671,0.06332,0.18226
Philippines,2015,90,5.073,0.70532,1.03516,0.58114,0.62545,0.12279,0.24991
Somaliland region,2015,91,5.057,0.18847,0.95152,0.43873,0.46582,0.39928,0.50318
Morocco,2015,92,5.013,0.73479,0.64095,0.60954,0.41691,0.08546,0.07172
Macedonia,2015,93,5.007,0.91851,1.00232,0.73545,0.33457,0.05327,0.22359
Mozambique,2015,94,4.971,0.08308,1.02626,0.09131,0.34037,0.15603,0.22269
Albania,2015,95,4.959,0.87867,0.80434,0.81325,0.35733,0.06413,0.14272
Bosnia and Herzegovina,2015,96,4.949,0.83223,0.91916,0.79081,0.09245,0.00227,0.24808
Lesotho,2015,97,4.898,0.37545,1.04103,0.07612,0.31767,0.12504,0.16388
Dominican Republic,2015,98,4.885,0.89537,1.17202,0.66825,0.57672,0.14234,0.21684
Laos,2015,99,4.876,0.59066,0.73803,0.54909,0.59591,0.24249,0.42192
Mongolia,2015,100,4.874,0.82819,1.30060,0.60268,0.43626,0.02666,0.33230
Swaziland,2015,101,4.867,0.71206,1.07284,0.07566,0.30658,0.03060,0.18259
Greece,2015,102,4.857,1.15406,0.92933,0.88213,0.07699,0.01397,0.00000
Lebanon,2015,103,4.839,1.02564,0.80001,0.83947,0.33916,0.04582,0.21854
Hungary,2015,104,4.800,1.12094,1.20215,0.75905,0.32112,0.02758,0.12800
Honduras,2015,105,4.788,0.59532,0.95348,0.69510,0.40148,0.06825,0.23027
Tajikistan,2015,106,4.786,0.39047,0.85563,0.57379,0.47216,0.15072,0.22974
Tunisia,2015,107,4.739,0.88113,0.60429,0.73793,0.26268,0.06358,0.06431
Palestinian Territories,2015,108,4.715,0.59867,0.92558,0.66015,0.24499,0.12905,0.11251
Bangladesh,2015,109,4.694,0.39753,0.43106,0.60164,0.40820,0.12569,0.21222
Iran,2015,110,4.686,1.00880,0.54447,0.69805,0.30033,0.05863,0.38086
Ukraine,2015,111,4.681,0.79907,1.20278,0.67390,0.25123,0.02961,0.15275
Iraq,2015,112,4.677,0.98549,0.81889,0.60237,0.00000,0.13788,0.17922
South Africa,2015,113,4.642,0.92049,1.18468,0.27688,0.33207,0.08884,0.11973
Ghana,2015,114,4.633,0.54558,0.67954,0.40132,0.42342,0.04355,0.23087
Zimbabwe,2015,115,4.610,0.27100,1.03276,0.33475,0.25861,0.08079,0.18987
Liberia,2015,116,4.571,0.07120,0.78968,0.34201,0.28531,0.06232,0.24362
India,2015,117,4.565,0.64499,0.38174,0.51529,0.39786,0.08492,0.26475
Sudan,2015,118,4.550,0.52107,1.01404,0.36878,0.10081,0.14660,0.19062
Haiti,2015,119,4.518,0.26673,0.74302,0.38847,0.24425,0.17175,0.46187
Congo (Kinshasa),2015,120,4.517,0.00000,1.00120,0.09806,0.22605,0.07625,0.24834
Nepal,2015,121,4.514,0.35997,0.86449,0.56874,0.38282,0.05907,0.32296
Ethiopia,2015,122,4.512,0.19073,0.60406,0.44055,0.43450,0.15048,0.24325
Sierra Leone,2015,123,4.507,0.33024,0.95571,0.00000,0.40840,0.08786,0.21488
Mauritania,2015,124,4.436,0.45407,0.86908,0.35874,0.24232,0.17461,0.21900
Kenya,2015,125,4.419,0.36471,0.99876,0.41435,0.42215,0.05839,0.37542
Djibouti,2015,126,4.369,0.44025,0.59207,0.36291,0.46074,0.28105,0.18093
Armenia,2015,127,4.350,0.76821,0.77711,0.72990,0.19847,0.03900,0.07855
Botswana,2015,128,4.332,0.99355,1.10464,0.04776,0.49495,0.12474,0.10461
Myanmar,2015,129,4.307,0.27108,0.70905,0.48246,0.44017,0.19034,0.79588
Georgia,2015,130,4.297,0.74190,0.38562,0.72926,0.40577,0.38331,0.05547
Malawi,2015,131,4.292,0.01604,0.41134,0.22562,0.43054,0.06977,0.33128
Sri Lanka,2015,132,4.271,0.83524,1.01905,0.70806,0.53726,0.09179,0.40828
Cameroon,2015,133,4.252,0.42250,0.88767,0.23402,0.49309,0.05786,0.20618
Bulgaria,2015,134,4.218,1.01216,1.10614,0.76649,0.30587,0.00872,0.11921
Egypt,2015,135,4.194,0.88180,0.74700,0.61712,0.17288,0.06324,0.11291
Yemen,2015,136,4.077,0.54649,0.68093,0.40064,0.35571,0.07854,0.09131
Angola,2015,137,4.033,0.75778,0.86040,0.16683,0.10384,0.07122,0.12344
Mali,2015,138,3.995,0.26074,1.03526,0.20583,0.38857,0.12352,0.18798
Congo (Brazzaville),2015,139,3.989,0.67866,0.66290,0.31051,0.41466,0.11686,0.12388
Comoros,2015,140,3.956,0.23906,0.79273,0.36315,0.22917,0.19900,0.17441
Uganda,2015,141,3.931,0.21102,1.13299,0.33861,0.45727,0.07267,0.29066
Senegal,2015,142,3.904,0.36498,0.97619,0.43540,0.36772,0.10713,0.20843
Gabon,2015,143,3.896,1.06024,0.90528,0.43372,0.31914,0.11091,0.06822
Niger,2015,144,3.845,0.06940,0.77265,0.29707,0.47692,0.15639,0.19387
Cambodia,2015,145,3.819,0.46038,0.62736,0.61114,0.66246,0.07247,0.40359
Tanzania,2015,146,3.781,0.28520,1.00268,0.38215,0.32878,0.05747,0.34377
Madagascar,2015,147,3.681,0.20824,0.66801,0.46721,0.19184,0.08124,0.21333
Central African Republic,2015,148,3.678,0.07850,0.00000,0.06699,0.48879,0.08289,0.23835
Chad,2015,149,3.667,0.34193,0.76062,0.15010,0.23501,0.05269,0.18386
Guinea,2015,150,3.656,0.17417,0.46475,0.24009,0.37725,0.12139,0.28657
Ivory Coast,2015,151,3.655,0.46534,0.77115,0.15185,0.46866,0.17922,0.20165
Burkina Faso,2015,152,3.587,0.25812,0.85188,0.27125,0.39493,0.12832,0.21747
Afghanistan,2015,153,3.575,0.31982,0.30285,0.30335,0.23414,0.09719,0.36510
Rwanda,2015,154,3.465,0.22208,0.77370,0.42864,0.59201,0.55191,0.22628
Benin,2015,155,3.340,0.28665,0.35386,0.31910,0.48450,0.08010,0.18260
Syria,2015,156,3.006,0.66320,0.47489,0.72193,0.15684,0.18906,0.47179
Burundi,2015,157,2.905,0.01530,0.41587,0.22396,0.11850,0.10062,0.19727
Togo,2015,158,2.839,0.20868,0.13995,0.28443,0.36453,0.10731,0.16681
Denmark,2016,1,7.526,1.44178,1.16374,0.79504,0.57941,0.44453,0.36171
Switzerland,2016,2,7.509,1.52733,1.14524,0.86303,0.58557,0.41203,0.28083
Iceland,2016,3,7.501,1.42666,1.18326,0.86733,0.56624,0.14975,0.47678
Norway,2016,4,7.498,1.57744,1.12690,0.79579,0.59609,0.35776,0.37895
Finland,2016,5,7.413,1.40598,1.13464,0.81091,0.57104,0.41004,0.25492
Canada,2016,6,7.404,1.44015,1.09610,0.82760,0.57370,0.31329,0.44834
Germany,2017,16,6.951,1.48792,1.47252,0.79895,0.56251,0.27673,0.33627
Netherlands,2016,7,7.339,1.46468,1.02912,0.81231,0.55211,0.29927,0.47416
New Zealand,2016,8,7.334,1.36066,1.17278,0.83096,0.58147,0.41904,0.49401
Australia,2016,9,7.313,1.44443,1.10476,0.85120,0.56837,0.32331,0.47407
Sweden,2016,10,7.291,1.45181,1.08764,0.83121,0.58218,0.40867,0.38254
Israel,2016,11,7.267,1.33766,0.99537,0.84917,0.36432,0.08728,0.32288
Austria,2016,12,7.119,1.45038,1.08383,0.80565,0.54355,0.21348,0.32865
United States,2016,13,7.104,1.50796,1.04782,0.77900,0.48163,0.14868,0.41077
Costa Rica,2016,14,7.087,1.06879,1.02152,0.76146,0.55225,0.10547,0.22553
Puerto Rico,2016,15,7.039,1.35943,1.08113,0.77758,0.46823,0.12275,0.22202
Germany,2016,16,6.994,1.44787,1.09774,0.81487,0.53466,0.28551,0.30452
Brazil,2016,17,6.952,1.08754,1.03938,0.61415,0.40425,0.14166,0.15776
Belgium,2016,18,6.929,1.42539,1.05249,0.81959,0.51354,0.26248,0.24240
Ireland,2016,19,6.907,1.48341,1.16157,0.81455,0.54008,0.29754,0.44963
Luxembourg,2016,20,6.871,1.69752,1.03999,0.84542,0.54870,0.35329,0.27571
Mexico,2016,21,6.778,1.11508,0.71460,0.71143,0.37709,0.18355,0.11735
Singapore,2016,22,6.739,1.64555,0.86758,0.94719,0.48770,0.46987,0.32706
United Kingdom,2016,23,6.725,1.40283,1.08672,0.80991,0.50036,0.27399,0.50156
Chile,2016,24,6.705,1.21670,0.90587,0.81883,0.37789,0.11451,0.31595
Panama,2016,25,6.701,1.18306,0.98912,0.70835,0.48927,0.08423,0.24180
Argentina,2016,26,6.650,1.15137,1.06612,0.69711,0.42284,0.07296,0.10989
Czech Republic,2016,27,6.596,1.30915,1.00793,0.76376,0.41418,0.03986,0.09929
Uruguay,2016,29,6.545,1.18157,1.03143,0.72183,0.54388,0.21394,0.18056
Malta,2016,30,6.488,1.30782,1.09879,0.80315,0.54994,0.17554,0.56237
Colombia,2016,31,6.481,1.03032,1.02169,0.59659,0.44735,0.05399,0.15626
France,2016,32,6.478,1.39488,1.00508,0.83795,0.46562,0.17808,0.12160
Thailand,2016,33,6.474,1.08930,1.04477,0.64915,0.49553,0.02833,0.58696
Saudi Arabia,2016,34,6.379,1.48953,0.84829,0.59267,0.37904,0.30008,0.15457
Taiwan,2016,34,6.379,1.39729,0.92624,0.79565,0.32377,0.06630,0.25495
Qatar,2016,36,6.375,1.82427,0.87964,0.71723,0.56679,0.48049,0.32388
Spain,2016,37,6.361,1.34253,1.12945,0.87896,0.37545,0.06137,0.17665
Algeria,2016,38,6.355,1.05266,0.83309,0.61804,0.21006,0.16157,0.07044
Guatemala,2016,39,6.324,0.83454,0.87119,0.54039,0.50379,0.08701,0.28808
Suriname,2016,40,6.269,1.09686,0.77866,0.50933,0.52234,0.12692,0.16665
Kuwait,2016,41,6.239,1.61714,0.87758,0.63569,0.43166,0.23669,0.15965
Bahrain,2016,42,6.218,1.44024,0.94397,0.65696,0.47375,0.25772,0.17147
Trinidad and Tobago,2016,43,6.168,1.32572,0.98569,0.52608,0.48453,0.01241,0.31935
Venezuela,2016,44,6.084,1.13367,1.03302,0.61904,0.19847,0.08304,0.04250
Slovakia,2016,45,6.078,1.27973,1.08268,0.70367,0.23391,0.02947,0.13837
El Salvador,2016,46,6.068,0.87370,0.80975,0.59600,0.37269,0.10613,0.08877
Malaysia,2016,47,6.005,1.25142,0.88025,0.62366,0.39031,0.09081,0.41474
Nicaragua,2016,48,5.992,0.69384,0.89521,0.65213,0.46582,0.16292,0.29773
Uzbekistan,2016,49,5.987,0.73591,1.16810,0.50163,0.60848,0.28333,0.34326
Italy,2016,50,5.977,1.35495,1.04167,0.85102,0.18827,0.02556,0.16684
Ecuador,2016,51,5.976,0.97306,0.85974,0.68613,0.40270,0.18037,0.10074
Belize,2016,52,5.956,0.87616,0.68655,0.45569,0.51231,0.10771,0.23684
Japan,2016,53,5.921,1.38007,1.06054,0.91491,0.46761,0.18985,0.10224
Kazakhstan,2016,54,5.919,1.22943,0.95544,0.57386,0.40520,0.11132,0.15011
Moldova,2016,55,5.897,0.69177,0.83132,0.52309,0.25202,0.01903,0.19997
Russia,2016,56,5.856,1.23228,1.05261,0.58991,0.32682,0.03586,0.02736
Poland,2016,57,5.835,1.24585,1.04685,0.69058,0.45190,0.05500,0.14443
South Korea,2016,57,5.835,1.35948,0.72194,0.88645,0.25168,0.07716,0.18824
Bolivia,2016,59,5.822,0.79422,0.83779,0.46970,0.50961,0.07746,0.21698
Lithuania,2016,60,5.813,1.26920,1.06411,0.64674,0.18929,0.01820,0.02025
Belarus,2016,61,5.802,1.13062,1.04993,0.63104,0.29091,0.17457,0.13942
North Cyprus,2016,62,5.771,1.31141,0.81826,0.84142,0.43596,0.16578,0.26322
Slovenia,2016,63,5.768,1.29947,1.05613,0.79151,0.53164,0.03635,0.25738
Peru,2016,64,5.743,0.99602,0.81255,0.62994,0.37502,0.05292,0.14527
Turkmenistan,2016,65,5.658,1.08017,1.03817,0.44006,0.37408,0.28467,0.22567
Mauritius,2016,66,5.648,1.14372,0.75695,0.66189,0.46145,0.05203,0.36951
Libya,2016,67,5.615,1.06688,0.95076,0.52304,0.40672,0.10339,0.17087
Latvia,2016,68,5.560,1.21788,0.95025,0.63952,0.27996,0.08890,0.17445
Cyprus,2016,69,5.546,1.31857,0.70697,0.84880,0.29507,0.05228,0.27906
Paraguay,2016,70,5.538,0.89373,1.11111,0.58295,0.46235,0.07396,0.25296
Romania,2016,71,5.528,1.16970,0.72803,0.67602,0.36712,0.00679,0.12889
Estonia,2016,72,5.517,1.27964,1.05163,0.68098,0.41511,0.18519,0.08423
Jamaica,2016,73,5.510,0.89333,0.96372,0.59469,0.43597,0.04294,0.22245
Croatia,2016,74,5.488,1.18649,0.60809,0.70524,0.23907,0.04002,0.18434
Hong Kong,2016,75,5.458,1.51070,0.87021,0.95277,0.48079,0.31647,0.40097
Somalia,2016,76,5.440,0.00000,0.33613,0.11466,0.56778,0.31180,0.27225
Kosovo,2016,77,5.401,0.90145,0.66062,0.54000,0.14396,0.06547,0.27992
Turkey,2016,78,5.389,1.16492,0.87717,0.64718,0.23889,0.12348,0.04707
Indonesia,2016,79,5.314,0.95104,0.87625,0.49374,0.39237,0.00322,0.56521
Jordan,2016,80,5.303,0.99673,0.86216,0.60712,0.36023,0.13297,0.14262
Azerbaijan,2016,81,5.291,1.12373,0.76042,0.54504,0.35327,0.17914,0.05640
Philippines,2016,82,5.279,0.81217,0.87877,0.47036,0.54854,0.11757,0.21674
China,2016,83,5.245,1.02780,0.79381,0.73561,0.44012,0.02745,0.04959
Bhutan,2016,84,5.196,0.85270,0.90836,0.49759,0.46074,0.16160,0.48546
Kyrgyzstan,2016,85,5.185,0.56044,0.95434,0.55449,0.40212,0.04762,0.38432
Serbia,2016,86,5.177,1.03437,0.81329,0.64580,0.15718,0.04339,0.20737
Bosnia and Herzegovina,2016,87,5.163,0.93383,0.64367,0.70766,0.09511,0.00000,0.29889
Montenegro,2016,88,5.161,1.07838,0.74173,0.63533,0.15111,0.12721,0.17191
Dominican Republic,2016,89,5.155,1.02787,0.99496,0.57669,0.52259,0.12372,0.21286
Morocco,2016,90,5.151,0.84058,0.38595,0.59471,0.25646,0.08404,0.04053
Hungary,2016,91,5.145,1.24142,0.93164,0.67608,0.19770,0.04472,0.09900
Pakistan,2016,92,5.132,0.68816,0.26135,0.40306,0.14622,0.13880,0.31185
Lebanon,2016,93,5.129,1.12268,0.64184,0.76171,0.26228,0.03061,0.23693
Portugal,2016,94,5.123,1.27607,0.94367,0.79363,0.44727,0.01521,0.11691
Macedonia,2016,95,5.121,1.01930,0.78236,0.64738,0.27668,0.07047,0.23507
Vietnam,2016,96,5.061,0.74037,0.79117,0.66157,0.55954,0.11556,0.25075
Somaliland Region,2016,97,5.057,0.25558,0.75862,0.33108,0.39130,0.36794,0.51479
Tunisia,2016,98,5.045,0.97724,0.43165,0.59577,0.23553,0.08170,0.03936
Greece,2016,99,5.033,1.24886,0.75473,0.80029,0.05822,0.04127,0.00000
Tajikistan,2016,100,4.996,0.48835,0.75602,0.53119,0.43408,0.13509,0.25998
Mongolia,2016,101,4.907,0.98853,1.08983,0.55469,0.35972,0.03285,0.34539
Laos,2016,102,4.876,0.68042,0.54970,0.38291,0.52168,0.22423,0.43079
Nigeria,2016,103,4.875,0.75216,0.64498,0.05108,0.27854,0.03050,0.23219
Honduras,2016,104,4.871,0.69429,0.75596,0.58383,0.26755,0.06906,0.20440
Iran,2016,105,4.813,1.11758,0.38857,0.64232,0.22544,0.05570,0.38538
Zambia,2016,106,4.795,0.61202,0.63760,0.23573,0.42662,0.11479,0.17866
Nepal,2016,107,4.793,0.44626,0.69699,0.50073,0.37012,0.07008,0.38160
Palestinian Territories,2016,108,4.754,0.67024,0.71629,0.56844,0.17744,0.10613,0.11154
Albania,2016,109,4.655,0.95530,0.50163,0.73007,0.31866,0.05301,0.16840
Bangladesh,2016,110,4.643,0.54177,0.24749,0.52989,0.39778,0.12583,0.19132
Sierra Leone,2016,111,4.635,0.36485,0.62800,0.00000,0.30685,0.08196,0.23897
Iraq,2016,112,4.575,1.07474,0.59205,0.51076,0.24856,0.13636,0.19589
Namibia,2016,113,4.574,0.93287,0.70362,0.34745,0.48614,0.10398,0.07795
Cameroon,2016,114,4.513,0.52497,0.62542,0.12698,0.42736,0.06126,0.22680
Ethiopia,2016,115,4.508,0.29283,0.37932,0.34578,0.36703,0.17170,0.29522
South Africa,2016,116,4.459,1.02416,0.96053,0.18611,0.42483,0.08415,0.13656
Sri Lanka,2016,117,4.415,0.97318,0.84783,0.62007,0.50817,0.07964,0.46978
India,2016,118,4.404,0.74036,0.29247,0.45091,0.40285,0.08722,0.25028
Myanmar,2016,119,4.395,0.34112,0.69981,0.39880,0.42692,0.20243,0.81971
Egypt,2016,120,4.362,0.95395,0.49813,0.52116,0.18847,0.10393,0.12706
Armenia,2016,121,4.360,0.86086,0.62477,0.64083,0.14037,0.03616,0.07793
Kenya,2016,122,4.356,0.52267,0.76240,0.30147,0.40576,0.06686,0.41328
Ukraine,2016,123,4.324,0.87287,1.01413,0.58628,0.12859,0.01829,0.20363
Ghana,2016,124,4.276,0.63107,0.49353,0.29681,0.40973,0.03260,0.21203
Congo (Kinshasa),2016,125,4.272,0.05661,0.80676,0.18800,0.15602,0.06075,0.25458
Georgia,2016,126,4.252,0.83792,0.19249,0.64035,0.32461,0.31880,0.06786
Congo (Brazzaville),2016,127,4.236,0.77109,0.47799,0.28212,0.37938,0.09753,0.12077
Senegal,2016,128,4.219,0.44314,0.77416,0.40457,0.31056,0.11681,0.19103
Bulgaria,2016,129,4.217,1.11306,0.92542,0.67806,0.21219,0.00615,0.12793
Mauritania,2016,130,4.201,0.61391,0.84142,0.28639,0.12680,0.17955,0.22686
Zimbabwe,2016,131,4.193,0.35041,0.71478,0.15950,0.25429,0.08582,0.18503
Malawi,2016,132,4.156,0.08709,0.14700,0.29364,0.41430,0.07564,0.30968
Sudan,2016,133,4.139,0.63069,0.81928,0.29759,0.00000,0.10039,0.18077
Gabon,2016,134,4.121,1.15851,0.72368,0.34940,0.28098,0.09314,0.06244
Mali,2016,135,4.073,0.31292,0.86333,0.16347,0.27544,0.13647,0.21064
Haiti,2016,136,4.028,0.34097,0.29561,0.27494,0.12072,0.14476,0.47958
Botswana,2016,137,3.974,1.09426,0.89186,0.34752,0.44089,0.10769,0.12425
Comoros,2016,138,3.956,0.27509,0.60323,0.29981,0.15412,0.18437,0.18270
Ivory Coast,2016,139,3.916,0.55507,0.57576,0.04476,0.40663,0.15530,0.20338
Cambodia,2016,140,3.907,0.55604,0.53750,0.42494,0.58852,0.08092,0.40339
Angola,2016,141,3.866,0.84731,0.66366,0.04991,0.00589,0.08434,0.12071
Niger,2016,142,3.856,0.13270,0.60530,0.26162,0.38041,0.17176,0.20970
South Sudan,2016,143,3.832,0.39394,0.18519,0.15781,0.19662,0.13015,0.25899
Chad,2016,144,3.763,0.42214,0.63178,0.03824,0.12807,0.04952,0.18667
Burkina Faso,2016,145,3.739,0.31995,0.63054,0.21297,0.33370,0.12533,0.24353
Uganda,2016,145,3.739,0.34719,0.90981,0.19625,0.43653,0.06442,0.27102
Yemen,2016,147,3.724,0.57939,0.47493,0.31048,0.22870,0.05892,0.09821
Madagascar,2016,148,3.695,0.27954,0.46115,0.37109,0.13684,0.07506,0.22040
Tanzania,2016,149,3.666,0.47155,0.77623,0.35700,0.31760,0.05099,0.31472
Liberia,2016,150,3.622,0.10706,0.50353,0.23165,0.25748,0.04852,0.24063
Guinea,2016,151,3.607,0.22415,0.31090,0.18829,0.30953,0.11920,0.29914
Rwanda,2016,152,3.515,0.32846,0.61586,0.31865,0.54320,0.50521,0.23552
Benin,2016,153,3.484,0.39499,0.10419,0.21028,0.39747,0.06681,0.20180
Afghanistan,2016,154,3.360,0.38227,0.11037,0.17344,0.16430,0.07112,0.31268
Togo,2016,155,3.303,0.28123,0.00000,0.24811,0.34678,0.11587,0.17517
Syria,2016,156,3.069,0.74719,0.14866,0.62994,0.06912,0.17233,0.48397
Burundi,2016,157,2.905,0.06831,0.23442,0.15747,0.04320,0.09419,0.20290
Norway,2017,1,7.537,1.61646,1.53352,0.79667,0.63542,0.31596,0.36201
Denmark,2017,2,7.522,1.48238,1.55112,0.79257,0.62601,0.40077,0.35528
Iceland,2017,3,7.504,1.48063,1.61057,0.83355,0.62716,0.15353,0.47554
Switzerland,2017,4,7.494,1.56498,1.51691,0.85813,0.62007,0.36701,0.29055
Finland,2017,5,7.469,1.44357,1.54025,0.80916,0.61795,0.38261,0.24548
Netherlands,2017,6,7.377,1.50394,1.42894,0.81070,0.58538,0.28266,0.47049
Canada,2017,7,7.316,1.47920,1.48135,0.83456,0.61110,0.28737,0.43554
New Zealand,2017,8,7.314,1.40571,1.54820,0.81676,0.61406,0.38282,0.50001
Sweden,2017,9,7.284,1.49439,1.47816,0.83088,0.61292,0.38440,0.38540
Australia,2017,10,7.284,1.48441,1.51004,0.84389,0.60161,0.30118,0.47770
Israel,2017,11,7.213,1.37538,1.37629,0.83840,0.40599,0.08524,0.33008
Costa Rica,2017,12,7.079,1.10971,1.41640,0.75951,0.58013,0.10011,0.21461
Austria,2017,13,7.006,1.48710,1.45994,0.81533,0.56777,0.22106,0.31647
United States,2017,14,6.993,1.54626,1.41992,0.77429,0.50574,0.13564,0.39258
Ireland,2017,15,6.977,1.53571,1.55823,0.80978,0.57311,0.29839,0.42786
Belgium,2017,17,6.891,1.46378,1.46231,0.81809,0.53977,0.25134,0.23150
Luxembourg,2017,18,6.863,1.74194,1.45758,0.84509,0.59663,0.31883,0.28318
United Kingdom,2017,19,6.714,1.44163,1.49646,0.80534,0.50819,0.26543,0.49277
Chile,2017,20,6.652,1.25278,1.28402,0.81948,0.37690,0.08229,0.32666
Brazil,2017,22,6.635,1.10735,1.43131,0.61655,0.43745,0.11109,0.16235
Czech Republic,2017,23,6.609,1.35268,1.43389,0.75444,0.49095,0.03687,0.08811
Argentina,2017,24,6.599,1.18530,1.44045,0.69514,0.49452,0.05974,0.10946
Mexico,2017,25,6.578,1.15318,1.21086,0.70998,0.41273,0.13277,0.12099
Singapore,2017,26,6.572,1.69228,1.35381,0.94949,0.54984,0.46431,0.34597
Malta,2017,27,6.527,1.34328,1.48841,0.82194,0.58877,0.15307,0.57473
Uruguay,2017,28,6.454,1.21756,1.41223,0.71922,0.57939,0.17806,0.17510
Guatemala,2017,29,6.454,0.87200,1.25559,0.54024,0.53131,0.07722,0.28349
Panama,2017,30,6.452,1.23375,1.37319,0.70616,0.55003,0.07098,0.21056
France,2017,31,6.442,1.43092,1.38778,0.84447,0.47022,0.17250,0.12976
Thailand,2017,32,6.424,1.12787,1.42579,0.64724,0.58020,0.03161,0.57212
Taiwan Province of China,2017,33,6.422,1.43363,1.38457,0.79398,0.36147,0.06383,0.25836
Spain,2017,34,6.403,1.38440,1.53209,0.88896,0.40878,0.07091,0.19013
Qatar,2017,35,6.375,1.87077,1.27430,0.71010,0.60413,0.43930,0.33047
Colombia,2017,36,6.357,1.07062,1.40218,0.59503,0.47749,0.04667,0.14901
Saudi Arabia,2017,37,6.344,1.53062,1.28668,0.59015,0.44975,0.27343,0.14762
Trinidad and Tobago,2017,38,6.168,1.36136,1.38023,0.51998,0.51863,0.00896,0.32530
Kuwait,2017,39,6.105,1.63295,1.25970,0.63211,0.49634,0.21516,0.22829
Slovakia,2017,40,6.098,1.32539,1.50506,0.71273,0.29582,0.02421,0.13654
Bahrain,2017,41,6.087,1.48841,1.32311,0.65313,0.53675,0.25704,0.17267
Malaysia,2017,42,6.084,1.29122,1.28465,0.61878,0.40226,0.06560,0.41661
Nicaragua,2017,43,6.071,0.73730,1.28722,0.65310,0.44755,0.13069,0.30167
Ecuador,2017,44,6.008,1.00082,1.28617,0.68564,0.45520,0.14013,0.15011
El Salvador,2017,45,6.003,0.90978,1.18213,0.59602,0.43245,0.08998,0.07826
Poland,2017,46,5.973,1.29179,1.44571,0.69948,0.52034,0.05931,0.15847
Uzbekistan,2017,47,5.971,0.78644,1.54897,0.49827,0.65825,0.24653,0.41598
Italy,2017,48,5.964,1.39507,1.44492,0.85314,0.25645,0.02803,0.17279
Russia,2017,49,5.963,1.28178,1.46928,0.54735,0.37378,0.03296,0.05226
Belize,2017,50,5.956,0.90798,1.08142,0.45019,0.54751,0.09658,0.24002
Japan,2017,51,5.920,1.41692,1.43634,0.91348,0.50563,0.16376,0.12057
Lithuania,2017,52,5.902,1.31458,1.47352,0.62895,0.23423,0.01187,0.01016
Algeria,2017,53,5.872,1.09186,1.14622,0.61758,0.23334,0.14610,0.06944
Latvia,2017,54,5.850,1.26075,1.40471,0.63857,0.32571,0.07384,0.15307
South Korea,2017,55,5.838,1.40168,1.12827,0.90021,0.25792,0.06328,0.20667
Moldova,2017,56,5.838,0.72887,1.25183,0.58947,0.24073,0.01009,0.20878
Romania,2017,57,5.825,1.21768,1.15009,0.68516,0.45700,0.00439,0.13352
Bolivia,2017,58,5.823,0.83376,1.22762,0.47363,0.55873,0.06048,0.22556
Turkmenistan,2017,59,5.822,1.13078,1.49315,0.43773,0.41827,0.25927,0.24992
Kazakhstan,2017,60,5.819,1.28456,1.38437,0.60604,0.43745,0.11928,0.20196
North Cyprus,2017,61,5.810,1.34691,1.18630,0.83465,0.47120,0.15535,0.26685
Slovenia,2017,62,5.758,1.34121,1.45252,0.79083,0.57258,0.04513,0.24265
Peru,2017,63,5.715,1.03523,1.21877,0.63017,0.45000,0.04705,0.12682
Mauritius,2017,64,5.629,1.18940,1.20956,0.63801,0.49125,0.04218,0.36093
Cyprus,2017,65,5.621,1.35594,1.13136,0.84471,0.35511,0.04124,0.27125
Estonia,2017,66,5.611,1.32088,1.47667,0.69517,0.47913,0.18325,0.09889
Belarus,2017,67,5.569,1.15656,1.44495,0.63771,0.29540,0.15631,0.15514
Libya,2017,68,5.525,1.10180,1.35756,0.52017,0.46573,0.09261,0.15207
Turkey,2017,69,5.500,1.19827,1.33775,0.63761,0.30074,0.09967,0.04669
Paraguay,2017,70,5.493,0.93254,1.50728,0.57925,0.47351,0.09107,0.22415
"Hong Kong S.A.R., China",2017,71,5.472,1.55167,1.26279,0.94306,0.49097,0.29393,0.37447
Philippines,2017,72,5.430,0.85770,1.25392,0.46801,0.58521,0.09933,0.19351
Serbia,2017,73,5.395,1.06932,1.25819,0.65078,0.20872,0.04090,0.22013
Jordan,2017,74,5.336,0.99101,1.23909,0.60459,0.41842,0.11980,0.17217
Hungary,2017,75,5.324,1.28601,1.34313,0.68776,0.17586,0.03664,0.07840
Jamaica,2017,76,5.311,0.92558,1.36822,0.64102,0.47431,0.05527,0.23382
Croatia,2017,77,5.293,1.22256,0.96798,0.70129,0.25577,0.04310,0.24800
Kosovo,2017,78,5.279,0.95148,1.13785,0.54145,0.26029,0.05747,0.31993
China,2017,79,5.273,1.08117,1.16084,0.74142,0.47279,0.02279,0.02881
Pakistan,2017,80,5.269,0.72688,0.67269,0.40205,0.23522,0.12435,0.31545
Indonesia,2017,81,5.262,0.99554,1.27444,0.49235,0.44332,0.01532,0.61170
Venezuela,2017,82,5.250,1.12843,1.43134,0.61714,0.15400,0.06449,0.06502
Montenegro,2017,83,5.237,1.12113,1.23838,0.66746,0.19499,0.08817,0.19791
Morocco,2017,84,5.235,0.87811,0.77486,0.59771,0.40816,0.08776,0.03221
Azerbaijan,2017,85,5.234,1.15360,1.15240,0.54078,0.39816,0.18099,0.04527
Dominican Republic,2017,86,5.230,1.07937,1.40242,0.57487,0.55259,0.11395,0.18697
Greece,2017,87,5.227,1.28949,1.23941,0.81020,0.09573,0.04329,0.00000
Lebanon,2017,88,5.225,1.07499,1.12962,0.73508,0.28852,0.03751,0.26445
Portugal,2017,89,5.195,1.31518,1.36704,0.79584,0.49847,0.01587,0.09510
Bosnia and Herzegovina,2017,90,5.182,0.98241,1.06934,0.70519,0.20440,0.00000,0.32887
Honduras,2017,91,5.181,0.73057,1.14394,0.58257,0.34808,0.07335,0.23619
Macedonia,2017,92,5.175,1.06458,1.20789,0.64495,0.32591,0.06028,0.25376
Somalia,2017,93,5.151,0.02264,0.72115,0.11399,0.60213,0.28241,0.29163
Vietnam,2017,94,5.074,0.78855,1.27749,0.65217,0.57106,0.08763,0.23497
Nigeria,2017,95,5.074,0.78376,1.21577,0.05692,0.39495,0.02612,0.23095
Tajikistan,2017,96,5.041,0.52471,1.27146,0.52924,0.47157,0.14638,0.24900
Bhutan,2017,97,5.011,0.88542,1.34013,0.49588,0.50154,0.17338,0.47405
Kyrgyzstan,2017,98,5.004,0.59622,1.39424,0.55346,0.45494,0.03944,0.42858
Nepal,2017,99,4.962,0.47982,1.17928,0.50413,0.44031,0.07298,0.39410
Mongolia,2017,100,4.955,1.02724,1.49301,0.55778,0.39414,0.03290,0.33846
South Africa,2017,101,4.829,1.05470,1.38479,0.18708,0.47925,0.07251,0.13936
Tunisia,2017,102,4.805,1.00727,0.86835,0.61321,0.28968,0.08672,0.04969
Palestinian Territories,2017,103,4.775,0.71625,1.15565,0.56567,0.25471,0.08928,0.11417
Egypt,2017,104,4.735,0.98970,0.99747,0.52019,0.28211,0.11438,0.12863
Bulgaria,2017,105,4.714,1.16146,1.43438,0.70822,0.28923,0.01105,0.11318
Sierra Leone,2017,106,4.709,0.36842,0.98414,0.00556,0.31870,0.07110,0.29304
Cameroon,2017,107,4.695,0.56431,0.94602,0.13289,0.43039,0.05131,0.23630
Iran,2017,108,4.692,1.15687,0.71155,0.63933,0.24932,0.04876,0.38724
Albania,2017,109,4.644,0.99619,0.80369,0.73116,0.38150,0.03986,0.20131
Bangladesh,2017,110,4.608,0.58668,0.73513,0.53324,0.47836,0.12372,0.17226
Namibia,2017,111,4.574,0.96443,1.09847,0.33861,0.52030,0.09315,0.07713
Kenya,2017,112,4.553,0.56048,1.06795,0.30999,0.45276,0.06464,0.44486
Mozambique,2017,113,4.550,0.23431,0.87070,0.10665,0.48079,0.17944,0.32223
Myanmar,2017,114,4.545,0.36711,1.12324,0.39752,0.51449,0.18882,0.83808
Senegal,2017,115,4.535,0.47931,1.17969,0.40936,0.37792,0.11546,0.18347
Zambia,2017,116,4.514,0.63641,1.00319,0.25784,0.46160,0.07821,0.24958
Iraq,2017,117,4.497,1.10271,0.97861,0.50118,0.28856,0.10722,0.19964
Gabon,2017,118,4.465,1.19821,1.15562,0.35658,0.31233,0.07605,0.04379
Ethiopia,2017,119,4.460,0.33923,0.86467,0.35341,0.40884,0.16546,0.31265
Sri Lanka,2017,120,4.440,1.00985,1.25998,0.62513,0.56121,0.07365,0.49086
Armenia,2017,121,4.376,0.90060,1.00748,0.63752,0.19830,0.02667,0.08349
India,2017,122,4.315,0.79222,0.75437,0.45543,0.46999,0.09223,0.23154
Mauritania,2017,123,4.292,0.64846,1.27203,0.28535,0.09610,0.13696,0.20187
Congo (Brazzaville),2017,124,4.291,0.80896,0.83204,0.28996,0.43503,0.07962,0.12085
Georgia,2017,125,4.286,0.95061,0.57061,0.64955,0.30941,0.25167,0.05401
Congo (Kinshasa),2017,126,4.280,0.09210,1.22902,0.19141,0.23596,0.06024,0.24646
Mali,2017,127,4.190,0.47618,1.28147,0.16937,0.30661,0.10497,0.18335
Ivory Coast,2017,128,4.180,0.60305,0.90478,0.04864,0.44771,0.13006,0.20124
Cambodia,2017,129,4.168,0.60177,1.00624,0.42978,0.63338,0.06811,0.38592
Sudan,2017,130,4.139,0.65952,1.21401,0.29092,0.01500,0.08985,0.18232
Ghana,2017,131,4.120,0.66722,0.87366,0.29564,0.42303,0.02534,0.25692
Ukraine,2017,132,4.096,0.89465,1.39454,0.57590,0.12297,0.02303,0.27006
Uganda,2017,133,4.081,0.38143,1.12983,0.21763,0.44319,0.05707,0.32577
Burkina Faso,2017,134,4.032,0.35023,1.04328,0.21584,0.32437,0.12033,0.25086
Niger,2017,135,4.028,0.16193,0.99303,0.26851,0.36366,0.13857,0.22867
Malawi,2017,136,3.970,0.23344,0.51257,0.31509,0.46691,0.07271,0.28717
Chad,2017,137,3.936,0.43801,0.95386,0.04113,0.16234,0.05358,0.21611
Zimbabwe,2017,138,3.875,0.37585,1.08310,0.19676,0.33638,0.09538,0.18914
Lesotho,2017,139,3.808,0.52102,1.19010,0.00000,0.39066,0.11909,0.15750
Angola,2017,140,3.795,0.85843,1.10441,0.04987,0.00000,0.06972,0.09793
Afghanistan,2017,141,3.794,0.40148,0.58154,0.18075,0.10618,0.06116,0.31187
Botswana,2017,142,3.766,1.12209,1.22155,0.34176,0.50520,0.09858,0.09935
Benin,2017,143,3.657,0.43109,0.43530,0.20993,0.42596,0.06093,0.20795
Madagascar,2017,144,3.644,0.30581,0.91302,0.37522,0.18920,0.06723,0.20873
Haiti,2017,145,3.603,0.36861,0.64045,0.27732,0.03037,0.09987,0.48920
Yemen,2017,146,3.593,0.59168,0.93538,0.31008,0.24946,0.05677,0.10413
South Sudan,2017,147,3.591,0.39725,0.60132,0.16349,0.14706,0.11679,0.28567
Liberia,2017,148,3.533,0.11904,0.87212,0.22992,0.33288,0.03895,0.26655
Guinea,2017,149,3.507,0.24455,0.79124,0.19413,0.34859,0.11094,0.26482
Togo,2017,150,3.495,0.30544,0.43188,0.24711,0.38043,0.09567,0.19690
Rwanda,2017,151,3.471,0.36875,0.94571,0.32642,0.58184,0.45522,0.25276
Syria,2017,152,3.462,0.77715,0.39610,0.50053,0.08154,0.15135,0.49366
Tanzania,2017,153,3.349,0.51114,1.04199,0.36451,0.39002,0.06604,0.35426
Burundi,2017,154,2.905,0.09162,0.62979,0.15161,0.05990,0.08415,0.20444
Central African Republic,2017,155,2.693,0.00000,0.00000,0.01877,0.27084,0.05657,0.28088
Finland,2018,1,7.632,1.30500,1.59200,0.87400,0.68100,0.39300,0.20200
Norway,2018,2,7.594,1.45600,1.58200,0.86100,0.68600,0.34000,0.28600
Denmark,2018,3,7.555,1.35100,1.59000,0.86800,0.68300,0.40800,0.28400
Iceland,2018,4,7.495,1.34300,1.64400,0.91400,0.67700,0.13800,0.35300
Switzerland,2018,5,7.487,1.42000,1.54900,0.92700,0.66000,0.35700,0.25600
Netherlands,2018,6,7.441,1.36100,1.48800,0.87800,0.63800,0.29500,0.33300
Canada,2018,7,7.328,1.33000,1.53200,0.89600,0.65300,0.29100,0.32100
New Zealand,2018,8,7.324,1.26800,1.60100,0.87600,0.66900,0.38900,0.36500
Sweden,2018,9,7.314,1.35500,1.50100,0.91300,0.65900,0.38300,0.28500
Australia,2018,10,7.272,1.34000,1.57300,0.91000,0.64700,0.30200,0.36100
United Kingdom,2018,11,7.190,1.24400,1.43300,0.88800,0.46400,0.08200,0.26200
Austria,2018,12,7.139,1.34100,1.50400,0.89100,0.61700,0.22400,0.24200
Costa Rica,2018,13,7.072,1.01000,1.45900,0.81700,0.63200,0.10100,0.14300
Ireland,2018,14,6.977,1.44800,1.58300,0.87600,0.61400,0.30600,0.30700
Germany,2018,15,6.965,1.34000,1.47400,0.86100,0.58600,0.28000,0.27300
Belgium,2018,16,6.927,1.32400,1.48300,0.89400,0.58300,0.24000,0.18800
Luxembourg,2018,17,6.910,1.57600,1.52000,0.89600,0.63200,0.32100,0.19600
United States,2018,18,6.886,1.39800,1.47100,0.81900,0.54700,0.13300,0.29100
Israel,2018,19,6.814,1.30100,1.55900,0.88300,0.53300,0.27200,0.35400
Czech Republic,2018,21,6.711,1.23300,1.48900,0.85400,0.54300,0.03400,0.06400
Malta,2018,22,6.627,1.27000,1.52500,0.88400,0.64500,0.14200,0.37600
France,2018,23,6.489,1.29300,1.46600,0.90800,0.52000,0.17600,0.09800
Mexico,2018,24,6.488,1.03800,1.25200,0.76100,0.47900,0.09500,0.06900
Chile,2018,25,6.476,1.13100,1.33100,0.80800,0.43100,0.06100,0.19700
Taiwan,2018,26,6.441,1.36500,1.43600,0.85700,0.41800,0.07800,0.15100
Panama,2018,27,6.430,1.11200,1.43800,0.75900,0.59700,0.06300,0.12500
Brazil,2018,28,6.419,0.98600,1.47400,0.67500,0.49300,0.08800,0.11000
Argentina,2018,29,6.388,1.07300,1.46800,0.74400,0.57000,0.05400,0.06200
Guatemala,2018,30,6.382,0.78100,1.26800,0.60800,0.60400,0.07100,0.17900
Uruguay,2018,31,6.379,1.09300,1.45900,0.77100,0.62500,0.15500,0.13000
Qatar,2018,32,6.374,1.64900,1.30300,0.74800,0.65400,0.17100,0.25600
Saudi Arabia,2018,33,6.371,1.37900,1.33100,0.63300,0.50900,0.12700,0.09800
Singapore,2018,34,6.343,1.52900,1.45100,1.00800,0.63100,0.45700,0.26100
Malaysia,2018,35,6.322,1.16100,1.25800,0.66900,0.35600,0.05900,0.31100
Spain,2018,36,6.310,1.25100,1.53800,0.96500,0.44900,0.07400,0.14200
Colombia,2018,37,6.260,0.96000,1.43900,0.63500,0.53100,0.03900,0.09900
Trinidad & Tobago,2018,38,6.192,1.22300,1.49200,0.56400,0.57500,0.01900,0.17100
Slovakia,2018,39,6.173,1.21000,1.53700,0.77600,0.35400,0.01400,0.11800
El Salvador,2018,40,6.167,0.80600,1.23100,0.63900,0.46100,0.08200,0.06500
Nicaragua,2018,41,6.141,0.66800,1.31900,0.70000,0.52700,0.12800,0.20800
Poland,2018,42,6.123,1.17600,1.44800,0.78100,0.54600,0.06400,0.10800
Bahrain,2018,43,6.105,1.33800,1.36600,0.69800,0.59400,0.12300,0.24300
Uzbekistan,2018,44,6.096,0.71900,1.58400,0.60500,0.72400,0.25900,0.32800
Kuwait,2018,45,6.083,1.47400,1.30100,0.67500,0.55400,0.10600,0.16700
Thailand,2018,46,6.072,1.01600,1.41700,0.70700,0.63700,0.02900,0.36400
Italy,2018,47,6.000,1.26400,1.50100,0.94600,0.28100,0.02800,0.13700
Ecuador,2018,48,5.973,0.88900,1.33000,0.73600,0.55600,0.12000,0.11400
Belize,2018,49,5.956,0.80700,1.10100,0.47400,0.59300,0.08900,0.18300
Lithuania,2018,50,5.952,1.19700,1.52700,0.71600,0.35000,0.00600,0.02600
Slovenia,2018,51,5.948,1.21900,1.50600,0.85600,0.63300,0.05100,0.16000
Romania,2018,52,5.945,1.11600,1.21900,0.72600,0.52800,0.00100,0.08800
Latvia,2018,53,5.933,1.14800,1.45400,0.67100,0.36300,0.06600,0.09200
Japan,2018,54,5.915,1.29400,1.46200,0.98800,0.55300,0.15000,0.07900
Mauritius,2018,55,5.891,1.09000,1.38700,0.68400,0.58400,0.05000,0.24500
Jamaica,2018,56,5.890,0.81900,1.49300,0.69300,0.57500,0.03100,0.09600
South Korea,2018,57,5.875,1.26600,1.20400,0.95500,0.24400,0.05100,0.17500
Northern Cyprus,2018,58,5.835,1.22900,1.21100,0.90900,0.49500,0.15400,0.17900
Russia,2018,59,5.810,1.15100,1.47900,0.59900,0.39900,0.02500,0.06500
Kazakhstan,2018,60,5.790,1.14300,1.51600,0.63100,0.45400,0.12100,0.14800
Cyprus,2018,61,5.762,1.22900,1.19100,0.90900,0.42300,0.03500,0.20200
Bolivia,2018,62,5.752,0.75100,1.22300,0.50800,0.60600,0.05400,0.14100
Estonia,2018,63,5.739,1.20000,1.53200,0.73700,0.55300,0.17400,0.08600
Paraguay,2018,64,5.681,0.83500,1.52200,0.61500,0.54100,0.07400,0.16200
Peru,2018,65,5.663,0.93400,1.24900,0.67400,0.53000,0.03400,0.09200
Kosovo,2018,66,5.662,0.85500,1.23000,0.57800,0.44800,0.02300,0.27400
Moldova,2018,67,5.640,0.65700,1.30100,0.62000,0.23200,0.00000,0.17100
Turkmenistan,2018,68,5.636,1.01600,1.53300,0.51700,0.41700,0.03700,0.19900
Hungary,2018,69,5.620,1.17100,1.40100,0.73200,0.25900,0.02200,0.06100
Libya,2018,70,5.566,0.98500,1.35000,0.55300,0.49600,0.14800,0.11600
Philippines,2018,71,5.524,0.77500,1.31200,0.51300,0.64300,0.10500,0.12000
Honduras,2018,72,5.504,0.62000,1.20500,0.62200,0.45900,0.07400,0.19700
Belarus,2018,73,5.483,1.03900,1.49800,0.70000,0.30700,0.15400,0.10100
Turkey,2018,74,5.483,1.14800,1.38000,0.68600,0.32400,0.10900,0.10600
Pakistan,2018,75,5.472,0.65200,0.81000,0.42400,0.33400,0.11300,0.21600
Hong Kong,2018,76,5.430,1.40500,1.29000,1.03000,0.52400,0.29100,0.24600
Portugal,2018,77,5.410,1.18800,1.42900,0.88400,0.56200,0.01700,0.05500
Serbia,2018,78,5.398,0.97500,1.36900,0.68500,0.28800,0.04300,0.13400
Greece,2018,79,5.358,1.15400,1.20200,0.87900,0.13100,0.04400,0.00000
Lebanon,2018,80,5.358,0.96500,1.17900,0.78500,0.50300,0.13600,0.21400
Montenegro,2018,81,5.347,1.01700,1.27900,0.72900,0.25900,0.08100,0.11100
Croatia,2018,82,5.321,1.11500,1.16100,0.73700,0.38000,0.03900,0.12000
Dominican Republic,2018,83,5.302,0.98200,1.44100,0.61400,0.57800,0.10600,0.12000
Algeria,2018,84,5.295,0.97900,1.15400,0.68700,0.07700,0.13500,0.05500
Morocco,2018,85,5.254,0.77900,0.79700,0.66900,0.46000,0.07400,0.02600
China,2018,86,5.246,0.98900,1.14200,0.79900,0.59700,0.10300,0.02900
Azerbaijan,2018,87,5.201,1.02400,1.16100,0.60300,0.43000,0.17600,0.03100
Tajikistan,2018,88,5.199,0.47400,1.16600,0.59800,0.29200,0.03400,0.18700
Macedonia,2018,89,5.185,0.95900,1.23900,0.69100,0.39400,0.05200,0.17300
Jordan,2018,90,5.161,0.82200,1.26500,0.64500,0.46800,0.13400,0.13000
Nigeria,2018,91,5.155,0.68900,1.17200,0.04800,0.46200,0.03200,0.20100
Kyrgyzstan,2018,92,5.131,0.53000,1.41600,0.59400,0.54000,0.03500,0.28100
Bosnia and Herzegovina,2018,93,5.129,0.91500,1.07800,0.75800,0.28000,0.00000,0.21600
Mongolia,2018,94,5.125,0.91400,1.51700,0.57500,0.39500,0.03200,0.25300
Vietnam,2018,95,5.103,0.71500,1.36500,0.70200,0.61800,0.07900,0.17700
Indonesia,2018,96,5.093,0.89900,1.21500,0.52200,0.53800,0.01800,0.48400
Bhutan,2018,97,5.082,0.79600,1.33500,0.52700,0.54100,0.17100,0.36400
Somalia,2018,98,4.982,0.00000,0.71200,0.11500,0.67400,0.28200,0.23800
Cameroon,2018,99,4.975,0.53500,0.89100,0.18200,0.45400,0.04300,0.18300
Bulgaria,2018,100,4.933,1.05400,1.51500,0.71200,0.35900,0.00900,0.06400
Nepal,2018,101,4.880,0.42500,1.22800,0.53900,0.52600,0.07800,0.30200
Venezuela,2018,102,4.806,0.99600,1.46900,0.65700,0.13300,0.05200,0.05600
Gabon,2018,103,4.758,1.03600,1.16400,0.40400,0.35600,0.05200,0.03200
Palestinian Territories,2018,104,4.743,0.64200,1.21700,0.60200,0.26600,0.07600,0.08600
South Africa,2018,105,4.724,0.94000,1.41000,0.33000,0.51600,0.05600,0.10300
Iran,2018,106,4.707,1.05900,0.77100,0.69100,0.45900,0.12900,0.28200
Ivory Coast,2018,107,4.671,0.54100,0.87200,0.08000,0.46700,0.10300,0.14600
Ghana,2018,108,4.657,0.59200,0.89600,0.33700,0.49900,0.02900,0.21200
Senegal,2018,109,4.631,0.42900,1.11700,0.43300,0.40600,0.08200,0.13800
Laos,2018,110,4.623,0.72000,1.03400,0.44100,0.62600,0.17400,0.23000
Tunisia,2018,111,4.592,0.90000,0.90600,0.69000,0.27100,0.06300,0.04000
Albania,2018,112,4.586,0.91600,0.81700,0.79000,0.41900,0.03200,0.14900
Sierra Leone,2018,113,4.571,0.25600,0.81300,0.00000,0.35500,0.05300,0.23800
Congo (Brazzaville),2018,114,4.559,0.68200,0.81100,0.34300,0.51400,0.07700,0.09100
Bangladesh,2018,115,4.500,0.53200,0.85000,0.57900,0.58000,0.14400,0.15300
Sri Lanka,2018,116,4.471,0.91800,1.31400,0.67200,0.58500,0.05000,0.30700
Iraq,2018,117,4.456,1.01000,0.97100,0.53600,0.30400,0.09500,0.14800
Mali,2018,118,4.447,0.37000,1.23300,0.15200,0.36700,0.05600,0.13900
Namibia,2018,119,4.441,0.87400,1.28100,0.36500,0.51900,0.06400,0.05100
Cambodia,2018,120,4.433,0.54900,1.08800,0.45700,0.69600,0.06500,0.25600
Burkina Faso,2018,121,4.424,0.31400,1.09700,0.25400,0.31200,0.12800,0.17500
Egypt,2018,122,4.419,0.88500,1.02500,0.55300,0.31200,0.10700,0.09200
Mozambique,2018,123,4.417,0.19800,0.90200,0.17300,0.53100,0.15800,0.20600
Kenya,2018,124,4.410,0.49300,1.04800,0.45400,0.50400,0.05500,0.35200
Zambia,2018,125,4.377,0.56200,1.04700,0.29500,0.50300,0.08200,0.22100
Mauritania,2018,126,4.356,0.55700,1.24500,0.29200,0.12900,0.09300,0.13400
Ethiopia,2018,127,4.350,0.30800,0.95000,0.39100,0.45200,0.14600,0.22000
Georgia,2018,128,4.340,0.85300,0.59200,0.64300,0.37500,0.21500,0.03800
Armenia,2018,129,4.321,0.81600,0.99000,0.66600,0.26000,0.02800,0.07700
Myanmar,2018,130,4.308,0.68200,1.17400,0.42900,0.58000,0.17800,0.59800
Chad,2018,131,4.301,0.35800,0.90700,0.05300,0.18900,0.06000,0.18100
Congo (Kinshasa),2018,132,4.245,0.06900,1.13600,0.20400,0.31200,0.05200,0.19700
India,2018,133,4.190,0.72100,0.74700,0.48500,0.53900,0.09300,0.17200
Niger,2018,134,4.166,0.13100,0.86700,0.22100,0.39000,0.09900,0.17500
Uganda,2018,135,4.161,0.32200,1.09000,0.23700,0.45000,0.06100,0.25900
Benin,2018,136,4.141,0.37800,0.37200,0.24000,0.44000,0.06700,0.16300
Sudan,2018,137,4.139,0.60500,1.24000,0.31200,0.01600,0.08200,0.13400
Ukraine,2018,138,4.103,0.79300,1.41300,0.60900,0.16300,0.01100,0.18700
Togo,2018,139,3.999,0.25900,0.47400,0.25300,0.43400,0.10100,0.15800
Guinea,2018,140,3.964,0.34400,0.79200,0.21100,0.39400,0.09400,0.18500
Lesotho,2018,141,3.808,0.47200,1.21500,0.07900,0.42300,0.11200,0.11600
Angola,2018,142,3.795,0.73000,1.12500,0.26900,0.00000,0.06100,0.07900
Madagascar,2018,143,3.774,0.26200,0.90800,0.40200,0.22100,0.04900,0.15500
Zimbabwe,2018,144,3.692,0.35700,1.09400,0.24800,0.40600,0.09900,0.13200
Afghanistan,2018,145,3.632,0.33200,0.53700,0.25500,0.08500,0.03600,0.19100
Botswana,2018,146,3.590,1.01700,1.17400,0.41700,0.55700,0.09200,0.04200
Malawi,2018,147,3.587,0.18600,0.54100,0.30600,0.53100,0.08000,0.21000
Haiti,2018,148,3.582,0.31500,0.71400,0.28900,0.02500,0.10400,0.39200
Liberia,2018,149,3.495,0.07600,0.85800,0.26700,0.41900,0.03000,0.20600
Syria,2018,150,3.462,0.68900,0.38200,0.53900,0.08800,0.14400,0.37600
Rwanda,2018,151,3.408,0.33200,0.89600,0.40000,0.63600,0.44400,0.20000
Yemen,2018,152,3.355,0.44200,1.07300,0.34300,0.24400,0.06400,0.08300
Tanzania,2018,153,3.303,0.45500,0.99100,0.38100,0.48100,0.09700,0.27000
South Sudan,2018,154,3.254,0.33700,0.60800,0.17700,0.11200,0.10600,0.22400
Central African Republic,2018,155,3.083,0.02400,0.00000,0.01000,0.30500,0.03800,0.21800
Burundi,2018,156,2.905,0.09100,0.62700,0.14500,0.06500,0.07600,0.14900
Finland,2019,1,7.769,1.34000,1.58700,0.98600,0.59600,0.39300,0.15300
Denmark,2019,2,7.600,1.38300,1.57300,0.99600,0.59200,0.41000,0.25200
Norway,2019,3,7.554,1.48800,1.58200,1.02800,0.60300,0.34100,0.27100
Iceland,2019,4,7.494,1.38000,1.62400,1.02600,0.59100,0.11800,0.35400
Netherlands,2019,5,7.488,1.39600,1.52200,0.99900,0.55700,0.29800,0.32200
Switzerland,2019,6,7.480,1.45200,1.52600,1.05200,0.57200,0.34300,0.26300
Sweden,2019,7,7.343,1.38700,1.48700,1.00900,0.57400,0.37300,0.26700
New Zealand,2019,8,7.307,1.30300,1.55700,1.02600,0.58500,0.38000,0.33000
Canada,2019,9,7.278,1.36500,1.50500,1.03900,0.58400,0.30800,0.28500
Austria,2019,10,7.246,1.37600,1.47500,1.01600,0.53200,0.22600,0.24400
Australia,2019,11,7.228,1.37200,1.54800,1.03600,0.55700,0.29000,0.33200
Costa Rica,2019,12,7.167,1.03400,1.44100,0.96300,0.55800,0.09300,0.14400
Israel,2019,13,7.139,1.27600,1.45500,1.02900,0.37100,0.08200,0.26100
Luxembourg,2019,14,7.090,1.60900,1.47900,1.01200,0.52600,0.31600,0.19400
United Kingdom,2019,15,7.054,1.33300,1.53800,0.99600,0.45000,0.27800,0.34800
Ireland,2019,16,7.021,1.49900,1.55300,0.99900,0.51600,0.31000,0.29800
Germany,2019,17,6.985,1.37300,1.45400,0.98700,0.49500,0.26500,0.26100
Belgium,2019,18,6.923,1.35600,1.50400,0.98600,0.47300,0.21000,0.16000
United States,2019,19,6.892,1.43300,1.45700,0.87400,0.45400,0.12800,0.28000
Czech Republic,2019,20,6.852,1.26900,1.48700,0.92000,0.45700,0.03600,0.04600
Malta,2019,22,6.726,1.30000,1.52000,0.99900,0.56400,0.15100,0.37500
Mexico,2019,23,6.595,1.07000,1.32300,0.86100,0.43300,0.07300,0.07400
France,2019,24,6.592,1.32400,1.47200,1.04500,0.43600,0.18300,0.11100
Taiwan,2019,25,6.446,1.36800,1.43000,0.91400,0.35100,0.09700,0.24200
Chile,2019,26,6.444,1.15900,1.36900,0.92000,0.35700,0.05600,0.18700
Guatemala,2019,27,6.436,0.80000,1.26900,0.74600,0.53500,0.07800,0.17500
Saudi Arabia,2019,28,6.375,1.40300,1.35700,0.79500,0.43900,0.13200,0.08000
Qatar,2019,29,6.374,1.68400,1.31300,0.87100,0.55500,0.16700,0.22000
Spain,2019,30,6.354,1.28600,1.48400,1.06200,0.36200,0.07900,0.15300
Panama,2019,31,6.321,1.14900,1.44200,0.91000,0.51600,0.05400,0.10900
Brazil,2019,32,6.300,1.00400,1.43900,0.80200,0.39000,0.08600,0.09900
Uruguay,2019,33,6.293,1.12400,1.46500,0.89100,0.52300,0.15000,0.12700
Singapore,2019,34,6.262,1.57200,1.46300,1.14100,0.55600,0.45300,0.27100
El Salvador,2019,35,6.253,0.79400,1.24200,0.78900,0.43000,0.07400,0.09300
Italy,2019,36,6.223,1.29400,1.48800,1.03900,0.23100,0.03000,0.15800
Bahrain,2019,37,6.199,1.36200,1.36800,0.87100,0.53600,0.11000,0.25500
Slovakia,2019,38,6.198,1.24600,1.50400,0.88100,0.33400,0.01400,0.12100
Trinidad & Tobago,2019,39,6.192,1.23100,1.47700,0.71300,0.48900,0.01600,0.18500
Poland,2019,40,6.182,1.20600,1.43800,0.88400,0.48300,0.05000,0.11700
Uzbekistan,2019,41,6.174,0.74500,1.52900,0.75600,0.63100,0.24000,0.32200
Lithuania,2019,42,6.149,1.23800,1.51500,0.81800,0.29100,0.04200,0.04300
Colombia,2019,43,6.125,0.98500,1.41000,0.84100,0.47000,0.03400,0.09900
Slovenia,2019,44,6.118,1.25800,1.52300,0.95300,0.56400,0.05700,0.14400
Nicaragua,2019,45,6.105,0.69400,1.32500,0.83500,0.43500,0.12700,0.20000
Kosovo,2019,46,6.100,0.88200,1.23200,0.75800,0.48900,0.00600,0.26200
Argentina,2019,47,6.086,1.09200,1.43200,0.88100,0.47100,0.05000,0.06600
Romania,2019,48,6.070,1.16200,1.23200,0.82500,0.46200,0.00500,0.08300
Cyprus,2019,49,6.046,1.26300,1.22300,1.04200,0.40600,0.04100,0.19000
Ecuador,2019,50,6.028,0.91200,1.31200,0.86800,0.49800,0.08700,0.12600
Kuwait,2019,51,6.021,1.50000,1.31900,0.80800,0.49300,0.09700,0.14200
Thailand,2019,52,6.008,1.05000,1.40900,0.82800,0.55700,0.02800,0.35900
Latvia,2019,53,5.940,1.18700,1.46500,0.81200,0.26400,0.06400,0.07500
South Korea,2019,54,5.895,1.30100,1.21900,1.03600,0.15900,0.05600,0.17500
Estonia,2019,55,5.893,1.23700,1.52800,0.87400,0.49500,0.16100,0.10300
Jamaica,2019,56,5.890,0.83100,1.47800,0.83100,0.49000,0.02800,0.10700
Mauritius,2019,57,5.888,1.12000,1.40200,0.79800,0.49800,0.06000,0.21500
Japan,2019,58,5.886,1.32700,1.41900,1.08800,0.44500,0.14000,0.06900
Honduras,2019,59,5.860,0.64200,1.23600,0.82800,0.50700,0.07800,0.24600
Kazakhstan,2019,60,5.809,1.17300,1.50800,0.72900,0.41000,0.09600,0.14600
Bolivia,2019,61,5.779,0.77600,1.20900,0.70600,0.51100,0.06400,0.13700
Hungary,2019,62,5.758,1.20100,1.41000,0.82800,0.19900,0.02000,0.08100
Paraguay,2019,63,5.743,0.85500,1.47500,0.77700,0.51400,0.08000,0.18400
Northern Cyprus,2019,64,5.718,1.26300,1.25200,1.04200,0.41700,0.16200,0.19100
Peru,2019,65,5.697,0.96000,1.27400,0.85400,0.45500,0.02700,0.08300
Portugal,2019,66,5.693,1.22100,1.43100,0.99900,0.50800,0.02500,0.04700
Pakistan,2019,67,5.653,0.67700,0.88600,0.53500,0.31300,0.09800,0.22000
Russia,2019,68,5.648,1.18300,1.45200,0.72600,0.33400,0.03100,0.08200
Philippines,2019,69,5.631,0.80700,1.29300,0.65700,0.55800,0.10700,0.11700
Serbia,2019,70,5.603,1.00400,1.38300,0.85400,0.28200,0.03900,0.13700
Moldova,2019,71,5.529,0.68500,1.32800,0.73900,0.24500,0.00000,0.18100
Libya,2019,72,5.525,1.04400,1.30300,0.67300,0.41600,0.15200,0.13300
Montenegro,2019,73,5.523,1.05100,1.36100,0.87100,0.19700,0.08000,0.14200
Tajikistan,2019,74,5.467,0.49300,1.09800,0.71800,0.38900,0.14400,0.23000
Croatia,2019,75,5.432,1.15500,1.26600,0.91400,0.29600,0.02200,0.11900
Hong Kong,2019,76,5.430,1.43800,1.27700,1.12200,0.44000,0.28700,0.25800
Dominican Republic,2019,77,5.425,1.01500,1.40100,0.77900,0.49700,0.10100,0.11300
Bosnia and Herzegovina,2019,78,5.386,0.94500,1.21200,0.84500,0.21200,0.00600,0.26300
Turkey,2019,79,5.373,1.18300,1.36000,0.80800,0.19500,0.10600,0.08300
Malaysia,2019,80,5.339,1.22100,1.17100,0.82800,0.50800,0.02400,0.26000
Belarus,2019,81,5.323,1.06700,1.46500,0.78900,0.23500,0.14200,0.09400
Greece,2019,82,5.287,1.18100,1.15600,0.99900,0.06700,0.03400,0.00000
Mongolia,2019,83,5.285,0.94800,1.53100,0.66700,0.31700,0.03800,0.23500
North Macedonia,2019,84,5.274,0.98300,1.29400,0.83800,0.34500,0.03400,0.18500
Nigeria,2019,85,5.265,0.69600,1.11100,0.24500,0.42600,0.04100,0.21500
Kyrgyzstan,2019,86,5.261,0.55100,1.43800,0.72300,0.50800,0.02300,0.30000
Turkmenistan,2019,87,5.247,1.05200,1.53800,0.65700,0.39400,0.02800,0.24400
Algeria,2019,88,5.211,1.00200,1.16000,0.78500,0.08600,0.11400,0.07300
Morocco,2019,89,5.208,0.80100,0.78200,0.78200,0.41800,0.07600,0.03600
Azerbaijan,2019,90,5.208,1.04300,1.14700,0.76900,0.35100,0.18200,0.03500
Lebanon,2019,91,5.197,0.98700,1.22400,0.81500,0.21600,0.02700,0.16600
Indonesia,2019,92,5.192,0.93100,1.20300,0.66000,0.49100,0.02800,0.49800
China,2019,93,5.191,1.02900,1.12500,0.89300,0.52100,0.10000,0.05800
Vietnam,2019,94,5.175,0.74100,1.34600,0.85100,0.54300,0.07300,0.14700
Bhutan,2019,95,5.082,0.81300,1.32100,0.60400,0.45700,0.16700,0.37000
Cameroon,2019,96,5.044,0.54900,0.91000,0.33100,0.38100,0.03700,0.18700
Bulgaria,2019,97,5.011,1.09200,1.51300,0.81500,0.31100,0.00400,0.08100
Ghana,2019,98,4.996,0.61100,0.86800,0.48600,0.38100,0.04000,0.24500
Ivory Coast,2019,99,4.944,0.56900,0.80800,0.23200,0.35200,0.09000,0.15400
Nepal,2019,100,4.913,0.44600,1.22600,0.67700,0.43900,0.08900,0.28500
Jordan,2019,101,4.906,0.83700,1.22500,0.81500,0.38300,0.13000,0.11000
Benin,2019,102,4.883,0.39300,0.43700,0.39700,0.34900,0.08200,0.17500
Congo (Brazzaville),2019,103,4.812,0.67300,0.79900,0.50800,0.37200,0.09300,0.10500
Gabon,2019,104,4.799,1.05700,1.18300,0.57100,0.29500,0.05500,0.04300
Laos,2019,105,4.796,0.76400,1.03000,0.55100,0.54700,0.16400,0.26600
South Africa,2019,106,4.722,0.96000,1.35100,0.46900,0.38900,0.05500,0.13000
Albania,2019,107,4.719,0.94700,0.84800,0.87400,0.38300,0.02700,0.17800
Venezuela,2019,108,4.707,0.96000,1.42700,0.80500,0.15400,0.04700,0.06400
Cambodia,2019,109,4.700,0.57400,1.12200,0.63700,0.60900,0.06200,0.23200
Palestinian Territories,2019,110,4.696,0.65700,1.24700,0.67200,0.22500,0.06600,0.10300
Senegal,2019,111,4.681,0.45000,1.13400,0.57100,0.29200,0.07200,0.15300
Somalia,2019,112,4.668,0.00000,0.69800,0.26800,0.55900,0.27000,0.24300
Namibia,2019,113,4.639,0.87900,1.31300,0.47700,0.40100,0.05600,0.07000
Niger,2019,114,4.628,0.13800,0.77400,0.36600,0.31800,0.10200,0.18800
Burkina Faso,2019,115,4.587,0.33100,1.05600,0.38000,0.25500,0.11300,0.17700
Armenia,2019,116,4.559,0.85000,1.05500,0.81500,0.28300,0.06400,0.09500
Iran,2019,117,4.548,1.10000,0.84200,0.78500,0.30500,0.12500,0.27000
Guinea,2019,118,4.534,0.38000,0.82900,0.37500,0.33200,0.08600,0.20700
Georgia,2019,119,4.519,0.88600,0.66600,0.75200,0.34600,0.16400,0.04300
Gambia,2019,120,4.516,0.30800,0.93900,0.42800,0.38200,0.16700,0.26900
Kenya,2019,121,4.509,0.51200,0.98300,0.58100,0.43100,0.05300,0.37200
Mauritania,2019,122,4.490,0.57000,1.16700,0.48900,0.06600,0.08800,0.10600
Mozambique,2019,123,4.466,0.20400,0.98600,0.39000,0.49400,0.13800,0.19700
Tunisia,2019,124,4.461,0.92100,1.00000,0.81500,0.16700,0.05500,0.05900
Bangladesh,2019,125,4.456,0.56200,0.92800,0.72300,0.52700,0.14300,0.16600
Iraq,2019,126,4.437,1.04300,0.98000,0.57400,0.24100,0.08900,0.14800
Congo (Kinshasa),2019,127,4.418,0.09400,1.12500,0.35700,0.26900,0.05300,0.21200
Mali,2019,128,4.390,0.38500,1.10500,0.30800,0.32700,0.05200,0.15300
Sierra Leone,2019,129,4.374,0.26800,0.84100,0.24200,0.30900,0.04500,0.25200
Sri Lanka,2019,130,4.366,0.94900,1.26500,0.83100,0.47000,0.04700,0.24400
Myanmar,2019,131,4.360,0.71000,1.18100,0.55500,0.52500,0.17200,0.56600
Chad,2019,132,4.350,0.35000,0.76600,0.19200,0.17400,0.07800,0.19800
Ukraine,2019,133,4.332,0.82000,1.39000,0.73900,0.17800,0.01000,0.18700
Ethiopia,2019,134,4.286,0.33600,1.03300,0.53200,0.34400,0.10000,0.20900
Swaziland,2019,135,4.212,0.81100,1.14900,0.00000,0.31300,0.13500,0.07400
Uganda,2019,136,4.189,0.33200,1.06900,0.44300,0.35600,0.06000,0.25200
Egypt,2019,137,4.166,0.91300,1.03900,0.64400,0.24100,0.06700,0.07600
Zambia,2019,138,4.107,0.57800,1.05800,0.42600,0.43100,0.08700,0.24700
Togo,2019,139,4.085,0.27500,0.57200,0.41000,0.29300,0.08500,0.17700
India,2019,140,4.015,0.75500,0.76500,0.58800,0.49800,0.08500,0.20000
Liberia,2019,141,3.975,0.07300,0.92200,0.44300,0.37000,0.03300,0.23300
Comoros,2019,142,3.973,0.27400,0.75700,0.50500,0.14200,0.07800,0.27500
Madagascar,2019,143,3.933,0.27400,0.91600,0.55500,0.14800,0.04100,0.16900
Lesotho,2019,144,3.802,0.48900,1.16900,0.16800,0.35900,0.09300,0.10700
Burundi,2019,145,3.775,0.04600,0.44700,0.38000,0.22000,0.18000,0.17600
Zimbabwe,2019,146,3.663,0.36600,1.11400,0.43300,0.36100,0.08900,0.15100
Haiti,2019,147,3.597,0.32300,0.68800,0.44900,0.02600,0.11000,0.41900
Botswana,2019,148,3.488,1.04100,1.14500,0.53800,0.45500,0.10000,0.02500
Syria,2019,149,3.462,0.61900,0.37800,0.44000,0.01300,0.14100,0.33100
Malawi,2019,150,3.410,0.19100,0.56000,0.49500,0.44300,0.08900,0.21800
Yemen,2019,151,3.380,0.28700,1.16300,0.46300,0.14300,0.07700,0.10800
Rwanda,2019,152,3.334,0.35900,0.71100,0.61400,0.55500,0.41100,0.21700
Tanzania,2019,153,3.231,0.47600,0.88500,0.49900,0.41700,0.14700,0.27600
Afghanistan,2019,154,3.203,0.35000,0.51700,0.36100,0.00000,0.02500,0.15800
Central African Republic,2019,155,3.083,0.02600,0.00000,0.10500,0.22500,0.03500,0.23500
South Sudan,2019,156,2.853,0.30600,0.57500,0.29500,0.01000,0.09100,0.20200
